experiment,N,workers,strategy,batch,rate,query_clients,send_s,total_s,throughput,queries,q_mean_ms,q_p50_ms,q_p95_ms,q_max_ms,records_per_worker,coord_rss_mb,coord_cpu_s,worker_rss_mb_max,worker_cpu_s_total,correct
workers,5000000,1,interval,1000,0,1,6.3392,6.5333,765310.5,64.0,1.446,1.475,2.062,3.761,5000000,,,,,FP_CLOSE
workers,5000000,2,interval,1000,0,1,3.6893,3.7941,1317844.2,38.0,1.41,1.336,1.812,3.69,2498665;2501335,,,,,FP_CLOSE
workers,5000000,4,interval,1000,0,1,3.4102,3.4839,1435165.3,34.0,3.367,3.435,4.604,4.891,1247673;1249673;1250992;1251662,,,,,FP_CLOSE
workers,5000000,8,interval,1000,0,1,5.0529,5.146,971633.2,46.0,10.782,10.909,13.378,14.998,622835;625428;625215;624939;624838;624245;625777;626723,,,,,FP_CLOSE
workers,5000000,1,roundrobin,1000,0,1,32.1265,33.3621,149870.5,58.0,484.326,557.628,584.791,592.826,5000000,,,,,FP_CLOSE
workers,5000000,2,roundrobin,1000,0,1,22.2002,23.1076,216378.8,33.0,631.862,730.16,906.013,907.168,2500000;2500000,,,,,FP_CLOSE
workers,5000000,4,roundrobin,1000,0,1,23.9196,24.8486,201218.4,27.0,895.619,1074.253,1471.428,1509.447,1250000;1250000;1250000;1250000,,,,,FP_CLOSE
workers,5000000,8,roundrobin,1000,0,1,32.8709,34.4809,145007.9,31.0,1091.592,1043.571,2075.733,2148.694,625000;625000;625000;625000;625000;625000;625000;625000,,,,,FP_CLOSE
batch,200000,4,interval,1,0,0,19.391,27.2599,7336.8,,,,,,50218;49889;49836;50057,,,,,EXACT
batch,200000,4,interval,10,0,0,5.2086,7.8394,25512.1,,,,,,50218;49889;49836;50057,,,,,EXACT
batch,200000,4,interval,100,0,0,0.471,0.7029,284539.2,,,,,,50218;49889;49836;50057,,,,,EXACT
batch,200000,4,interval,1000,0,0,0.0964,0.1723,1160739.7,,,,,,50218;49889;49836;50057,,,,,EXACT
batch,200000,4,interval,10000,0,0,0.0907,0.1486,1345632.9,,,,,,50218;49889;49836;50057,,,,,EXACT
rate,5000000,4,interval,1000,200000,0,24.9974,25.0001,199999.0,,,,,,1247673;1249673;1250992;1251662,,,,,FP_CLOSE
rate,5000000,4,interval,1000,400000,0,12.4985,12.5004,399988.7,,,,,,1247673;1249673;1250992;1251662,,,,,FP_CLOSE
rate,5000000,4,interval,1000,800000,0,6.2492,6.2504,799950.6,,,,,,1247673;1249673;1250992;1251662,,,,,FP_CLOSE
rate,5000000,4,interval,1000,1600000,0,3.4543,3.5608,1404171.7,,,,,,1247673;1249673;1250992;1251662,,,,,FP_CLOSE
rate,5000000,4,interval,1000,0,0,3.5924,3.6843,1357122.4,,,,,,1247673;1249673;1250992;1251662,,,,,FP_CLOSE
queries,5000000,4,interval,1000,0,0,3.3923,3.4703,1440797.9,,,,,,1247673;1249673;1250992;1251662,,,,,FP_CLOSE
queries,5000000,4,interval,1000,0,1,4.4713,4.5889,1089583.3,1357.0,3.377,3.273,4.786,9.709,1247673;1249673;1250992;1251662,,,,,FP_CLOSE
queries,5000000,4,interval,1000,0,4,6.3707,6.5129,767702.6,4179.0,6.227,5.992,9.139,17.347,1247673;1249673;1250992;1251662,,,,,FP_CLOSE
queries,5000000,4,interval,1000,0,16,8.4328,8.6706,576662.8,7213.0,19.199,19.169,27.13,46.308,1247673;1249673;1250992;1251662,,,,,FP_CLOSE
