impl,N,workers,total_s,split_s,map_s,shuffle_s,reduce_s,shuffle_lines,correct
sequential,1000000,1,1.000,,,,,,REFERENCE
mpi,1000000,1,1.089,,,,,,FP_CLOSE
mpi,1000000,2,1.093,,,,,,EXACT
mpi,1000000,4,1.106,,,,,,EXACT
mpi,1000000,8,2.470,,,,,,EXACT
mapreduce,1000000,1,4.814,.385,4.386,.020,.022,166352,EXACT
mapreduce,1000000,2,3.549,.386,3.085,.041,.034,317001,EXACT
mapreduce,1000000,4,2.432,.391,1.910,.078,.053,518655,EXACT
mapreduce,1000000,8,1.723,.397,1.135,.122,.068,704223,EXACT
mapreduce_nocombiner,1000000,1,7.563,.385,4.416,1.423,1.337,3000001,EXACT
mapreduce_nocombiner,1000000,2,6.034,.386,2.854,1.455,1.337,3000001,EXACT
mapreduce_nocombiner,1000000,4,5.376,.389,2.137,1.517,1.331,3000001,EXACT
mapreduce_nocombiner,1000000,8,5.199,.397,1.904,1.563,1.333,3000001,EXACT
sequential,10000000,1,11.219,,,,,,REFERENCE
mpi,10000000,1,10.781,,,,,,FP_CLOSE
mpi,10000000,2,10.703,,,,,,FP_CLOSE
mpi,10000000,4,11.185,,,,,,FP_CLOSE
mpi,10000000,8,22.979,,,,,,EXACT
mapreduce,10000000,1,50.505,3.885,46.231,.192,.195,1662656,FP_CLOSE
mapreduce,10000000,2,26.827,3.914,22.182,.404,.325,3168063,FP_CLOSE
mapreduce,10000000,4,18.244,3.893,13.064,.780,.505,5181021,FP_CLOSE
mapreduce,10000000,8,16.155,3.921,10.343,1.226,.665,7037047,EXACT
mapreduce_nocombiner,10000000,1,77.494,3.905,45.962,14.366,13.259,30000001,FP_CLOSE
mapreduce_nocombiner,10000000,2,60.717,3.897,28.857,14.731,13.230,30000001,FP_CLOSE
mapreduce_nocombiner,10000000,4,54.083,3.907,21.603,15.227,13.343,30000001,FP_CLOSE
mapreduce_nocombiner,10000000,8,52.002,3.919,18.877,15.887,13.317,30000001,FP_CLOSE
sequential,20000000,1,23.866,,,,,,REFERENCE
mpi,20000000,1,22.249,,,,,,FP_CLOSE
mpi,20000000,2,21.883,,,,,,FP_CLOSE
mpi,20000000,4,22.613,,,,,,FP_CLOSE
mpi,20000000,8,47.210,,,,,,EXACT
mapreduce,20000000,1,101.765,7.887,93.100,.391,.386,3325195,FP_CLOSE
mapreduce,20000000,2,57.132,7.913,47.753,.820,.644,6335064,FP_CLOSE
mapreduce,20000000,4,38.027,7.884,27.537,1.591,1.014,10359585,FP_CLOSE
mapreduce,20000000,8,32.908,7.887,21.194,2.495,1.331,14073690,FP_CLOSE
sequential,50000000,1,63.648,,,,,,REFERENCE
mpi,50000000,1,56.740,,,,,,FP_CLOSE
mpi,50000000,2,55.782,,,,,,FP_CLOSE
mpi,50000000,4,58.064,,,,,,FP_CLOSE
mpi,50000000,8,113.484,,,,,,EXACT
mapreduce,50000000,1,253.444,19.770,231.711,.977,.985,8312652,FP_CLOSE
mapreduce,50000000,2,142.895,19.802,119.425,2.056,1.610,15836507,FP_CLOSE
mapreduce,50000000,4,95.462,19.824,69.089,4.026,2.522,25896376,FP_CLOSE
mapreduce,50000000,8,81.505,19.817,52.132,6.262,3.293,35176967,FP_CLOSE
