stage,N,mappers,task,elapsed_s,max_rss_mb
split,10000000,4,all,3.873,
mapper,10000000,4,all,17.722,
sort,10000000,4,all,16.392,
combiner,10000000,4,all,4.439,
combiner,10000000,4,task00,4.17,3.4
combiner,10000000,4,task01,4.25,3.4
combiner,10000000,4,task02,4.27,3.4
combiner,10000000,4,task03,4.27,3.3
mapper,10000000,4,task00,17.37,3.4
mapper,10000000,4,task01,17.58,3.3
mapper,10000000,4,task02,17.57,3.3
mapper,10000000,4,task03,17.57,3.3
reducer,10000000,4,task00,0.50,3.3
shuffle,10000000,4,task00,0.78,3.6
sort,10000000,4,task00,16.24,1281.0
sort,10000000,4,task01,16.20,1281.0
sort,10000000,4,task02,16.25,1281.0
sort,10000000,4,task03,15.71,1281.0
